Sigla;Codigo;Cidade;2020.03;2020.04;2020.05;2020.06;2020.07;2020.08;2020.09;2020.10;2020.11;2020.12;2021.01;2021.02;2021.03;2021.04;2021.05;2021.06;2021.07;2021.08
PR;4100103;Abatiá;8;38;6;8;5;6;11;5;7;5;11;11;11;15;13;16;18;12
PR;4100202;Adrianópolis;46;16;14;11;20;19;21;25;16;16;51;22;26;19;4;20;23;30
PR;4100301;Agudos do Sul;12;17;14;13;25;31;37;34;20;19;21;21;27;19;25;15;32;43
PR;4100400;Almirante Tamandaré;366;389;249;235;257;280;313;369;292;286;338;354;411;321;436;374;416;393
PR;4100459;Altamira do Paraná;2;1;2;2;6;6;5;3;3;2;3;4;2;6;5;10;8;2
PR;4100509;Altônia;115;193;52;63;42;61;44;62;60;83;68;100;82;75;66;73;98;71
PR;4100608;Alto Paraná;64;108;73;19;27;60;60;55;36;59;67;53;36;50;31;50;67;72
PR;4100707;Alto Piquiri;22;23;9;9;8;2;18;14;9;10;22;23;17;19;12;13;16;2
PR;4100806;Alvorada do Sul;29;26;20;8;15;26;19;31;32;31;32;35;40;36;34;44;42;2
PR;4100905;Amaporã;1;6;4;3;5;4;7;10;5;5;6;2;8;7;3;8;7;11
PR;4101002;Ampére;183;271;115;95;87;119;113;128;118;134;145;171;159;171;157;161;180;190
PR;4101051;Anahy;8;1;4;9;8;15;4;10;14;8;10;15;20;11;8;13;9;12
PR;4101101;Andirá;70;56;50;34;51;60;68;78;164;92;59;75;60;54;56;87;76;74
PR;4101150;Ângulo;7;5;5;4;3;6;5;1;5;5;4;4;5;6;12;16;7;13
PR;4101200;Antonina;124;87;101;86;90;87;99;130;117;91;147;126;129;115;166;157;154;154
PR;4101309;Antônio Olinto;24;15;8;11;38;4;11;4;8;3;27;6;7;8;12;13;71;12
PR;4101408;Apucarana;1266;1151;922;721;825;840;929;918;879;946;932;1062;1087;1100;1172;1193;1337;1361
PR;4101507;Arapongas;1205;1625;1132;805;1107;1200;1295;1458;1139;1149;1394;1354;1243;1225;1333;1192;1267;1341
PR;4101606;Arapoti;192;131;134;108;110;120;165;134;139;130;164;165;171;183;142;181;215;174
PR;4101655;Arapuã;2;0;2;4;1;1;3;0;0;0;5;6;5;5;5;8;1;4
PR;4101705;Araruna;226;100;47;60;64;75;82;71;76;98;56;78;66;51;52;64;73;63
PR;4101804;Araucária;1748;1280;1062;920;1078;1446;1347;1078;1042;1124;1304;1639;1805;1364;1562;1866;1696;1840
PR;4101853;Ariranha do Ivaí;0;0;0;1;0;0;0;1;0;0;1;1;1;1;1;1;3;0
PR;4101903;Assaí;59;36;22;9;15;25;28;26;19;30;26;35;34;31;32;32;43;52
PR;4102000;Assis Chateaubriand;147;126;98;80;101;102;121;143;115;139;150;116;162;176;164;162;161;186
PR;4102109;Astorga;151;130;105;89;110;105;115;127;119;165;86;138;164;125;120;164;173;152
PR;4102208;Atalaia;10;18;21;9;12;5;10;4;12;10;11;15;10;9;10;11;18;15
PR;4102307;Balsa Nova;129;128;65;50;65;82;63;86;64;126;84;82;157;172;107;96;85;102
PR;4102406;Bandeirantes;116;153;99;110;89;88;105;186;96;97;128;92;109;111;80;108;132;129
PR;4102505;Barbosa Ferraz;20;31;16;10;22;9;17;18;10;22;22;21;24;22;22;34;26;17
PR;4102604;Barracão;69;72;62;64;51;56;51;54;55;65;67;75;67;59;52;53;77;82
PR;4102703;Barra do Jacaré;5;2;3;0;1;1;0;1;1;0;5;0;2;5;1;6;8;2
PR;4102752;Bela Vista da Caroba;0;5;4;1;1;1;2;3;5;3;3;7;7;3;2;4;4;9
PR;4102802;Bela Vista do Paraíso;59;47;37;43;29;37;54;63;44;23;47;63;69;65;55;71;62;48
PR;4102901;Bituruna;128;74;89;116;101;132;122;119;129;148;115;136;150;124;167;156;161;183
PR;4103008;Boa Esperança;9;7;4;9;5;6;6;11;10;19;14;7;6;4;4;10;8;8
PR;4103024;Boa Esperança do Iguaçu;6;4;2;19;7;6;7;7;9;11;4;3;4;11;11;3;10;11
PR;4103040;Boa Ventura de São Roque;11;11;20;17;13;12;17;12;14;15;22;15;43;29;18;24;20;29
PR;4103057;Boa Vista da Aparecida;18;17;16;9;16;10;11;15;16;14;14;17;20;32;24;27;35;27
PR;4103107;Bocaiúva do Sul;78;93;70;64;65;50;71;78;80;74;80;79;75;72;80;96;112;90
PR;4103156;Bom Jesus do Sul;19;24;4;1;6;5;2;8;9;25;14;2;17;9;4;7;10;12
PR;4103206;Bom Sucesso;26;19;14;5;15;9;14;11;16;20;19;20;27;13;15;16;12;17
PR;4103222;Bom Sucesso do Sul;19;44;10;18;19;18;29;20;10;15;18;19;34;23;28;13;29;30
PR;4103305;Borrazópolis;22;53;12;16;14;11;13;16;8;18;19;20;30;17;18;14;15;15
PR;4103354;Braganey;8;10;7;3;5;4;8;7;7;7;9;9;10;18;2;8;5;4
PR;4103370;Brasilândia do Sul;10;5;1;3;0;3;3;7;4;3;3;5;5;3;9;2;2;3
PR;4103404;Cafeara;1;1;1;0;3;0;0;2;1;0;1;4;2;1;0;2;3;2
PR;4103453;Cafelândia;265;205;165;213;235;274;275;282;267;337;359;325;408;344;360;375;373;468
PR;4103479;Cafezal do Sul;8;6;11;3;2;6;9;3;3;19;4;6;9;6;6;9;4;10
PR;4103503;Califórnia;76;79;23;51;23;28;25;29;17;22;23;36;35;47;39;28;44;33
PR;4103602;Cambará;94;74;89;86;87;118;60;87;348;137;77;134;105;93;82;130;117;99
PR;4103701;Cambé;789;850;656;499;503;549;703;697;615;648;675;791;830;762;839;800;869;963
PR;4103800;Cambira;42;51;32;50;35;39;39;41;33;26;43;47;46;48;21;49;63;51
PR;4103909;Campina da Lagoa;34;40;28;34;26;39;24;34;35;22;31;28;50;36;27;40;39;63
PR;4103958;Campina do Simão;6;3;5;6;1;4;16;7;7;5;2;7;5;7;2;4;4;3
PR;4104006;Campina Grande do Sul;211;245;188;159;207;169;229;212;203;271;261;250;320;255;251;291;264;284
PR;4104055;Campo Bonito;8;7;3;3;3;3;2;4;5;2;5;3;11;10;2;4;3;6
PR;4104105;Campo do Tenente;17;29;18;20;18;9;22;26;13;38;29;34;24;50;35;22;29;41
PR;4104204;Campo Largo;953;918;696;615;772;845;768;836;779;801;863;922;1080;814;923;894;1004;982
PR;4104253;Campo Magro;102;104;95;54;53;83;70;80;48;58;60;96;97;62;106;89;107;84
PR;4104303;Campo Mourão;666;676;548;543;497;655;599;622;559;711;685;748;752;611;698;770;838;884
PR;4104402;Cândido de Abreu;15;21;12;24;12;14;13;14;19;16;17;12;18;23;27;21;44;26
PR;4104428;Candói;53;70;46;37;67;41;48;51;46;38;60;51;72;54;87;64;79;69
PR;4104451;Cantagalo;25;20;23;12;29;25;19;24;19;28;24;36;30;33;22;35;43;41
PR;4104501;Capanema;171;134;96;92;132;140;142;170;229;176;146;192;159;144;141;139;184;185
PR;4104600;Capitão Leônidas Marques;91;134;92;75;80;72;82;116;121;137;89;105;135;125;137;124;148;133
PR;4104659;Carambeí;150;149;129;141;173;173;190;196;234;185;215;207;214;214;214;227;214;244
PR;4104709;Carlópolis;79;50;122;39;50;20;43;36;46;48;54;55;49;59;49;36;42;49
PR;4104808;Cascavel;4684;3988;3307;3097;3295;3957;4088;4624;4025;4251;4277;4786;5318;4351;4494;4742;4997;5320
PR;4104907;Castro;404;437;326;357;348;370;408;465;408;431;501;549;516;600;511;518;602;544
PR;4105003;Catanduvas;35;48;18;19;15;25;27;36;33;46;33;34;32;42;45;26;37;27
PR;4105102;Centenário do Sul;11;16;9;9;16;14;14;9;17;16;17;22;23;17;18;27;34;39
PR;4105201;Cerro Azul;2;4;8;4;4;5;5;4;5;2;6;8;7;9;10;10;15;9
PR;4105300;Céu Azul;99;76;44;63;51;86;86;95;57;77;91;96;115;97;73;95;100;85
PR;4105409;Chopinzinho;188;179;111;98;119;108;141;160;165;198;133;155;160;134;136;128;149;220
PR;4105508;Cianorte;917;879;588;501;513;639;613;628;550;663;725;817;780;715;656;715;742;899
PR;4105607;Cidade Gaúcha;86;39;40;35;59;56;80;72;50;122;62;79;83;55;58;64;61;97
PR;4105706;Clevelândia;62;56;58;41;38;40;47;66;55;41;49;74;84;69;97;63;76;81
PR;4105805;Colombo;1561;1525;1074;1131;963;1091;1111;1207;1114;1486;1338;1632;1708;1332;1433;1447;1379;1579
PR;4105904;Colorado;128;121;137;78;89;92;81;105;406;120;145;119;148;118;110;112;106;214
PR;4106001;Congonhinhas;6;12;5;5;6;11;8;15;13;14;15;19;13;9;12;8;8;12
PR;4106100;Conselheiro Mairinck;3;3;3;1;2;1;4;6;3;2;4;5;6;5;4;1;2;4
PR;4106209;Contenda;39;64;120;40;45;35;40;32;33;35;48;57;68;92;129;73;83;63
PR;4106308;Corbélia;76;98;57;60;62;82;114;73;110;111;93;109;122;87;80;81;105;112
PR;4106407;Cornélio Procópio;698;480;503;410;449;443;506;371;402;490;520;435;659;509;525;465;502;660
PR;4106456;Coronel Domingos Soares;27;24;10;21;34;23;31;41;36;32;43;38;55;35;57;33;40;43
PR;4106506;Coronel Vivida;167;214;79;86;85;114;140;180;158;146;159;173;194;165;174;191;202;194
PR;4106555;Corumbataí do Sul;53;0;0;2;1;1;1;2;1;4;3;3;9;8;5;8;2;3
PR;4106571;Cruzeiro do Iguaçu;11;24;8;10;7;8;14;11;15;20;16;25;19;27;22;24;25;29
PR;4106605;Cruzeiro do Oeste;172;120;110;66;83;76;107;77;78;123;83;140;144;92;78;100;142;108
PR;4106704;Cruzeiro do Sul;2;5;7;2;4;3;3;3;5;2;4;5;3;4;6;3;4;5
PR;4106803;Cruz Machado;18;18;16;16;21;16;21;13;16;13;27;28;22;25;17;23;38;22
PR;4106852;Cruzmaltina;2;4;3;2;0;8;2;1;5;4;4;2;6;8;2;2;2;3
PR;4106902;Curitiba;40489;30510;24162;20525;18507;22877;25418;27364;27178;30442;27888;30078;35443;30196;28784;28890;31373;34424
PR;4107009;Curiúva;46;29;35;34;27;33;27;24;22;35;33;43;48;34;36;40;41;31
PR;4107108;Diamante do Norte;7;10;8;10;2;6;11;9;5;6;18;12;11;15;21;12;6;12
PR;4107124;Diamante do Sul;6;0;1;0;1;1;1;6;2;1;4;0;6;2;3;1;2;4
PR;4107157;Diamante D'Oeste;2;24;1;3;3;3;0;4;1;9;3;5;5;2;3;7;2;2
PR;4107207;Dois Vizinhos;440;470;359;350;420;347;449;501;425;441;479;545;569;440;540;484;645;626
PR;4107256;Douradina;30;23;67;22;31;38;37;45;46;41;33;53;45;44;40;45;50;40
PR;4107306;Doutor Camargo;11;21;12;8;13;12;15;13;7;26;12;12;10;20;18;10;9;16
PR;4107405;Enéas Marques;37;23;19;25;17;24;26;24;21;25;42;39;34;23;20;24;16;16
PR;4107504;Engenheiro Beltrão;34;38;32;24;31;32;22;33;57;38;39;43;30;27;35;32;47;85
PR;4107520;Esperança Nova;7;18;6;0;2;2;1;3;1;4;3;3;3;1;6;3;1;2
PR;4107538;Entre Rios do Oeste;23;20;24;16;31;18;29;21;16;26;29;31;28;22;27;42;38;33
PR;4107546;Espigão Alto do Iguaçu;7;7;6;3;2;7;8;6;5;6;13;5;27;13;3;11;7;7
PR;4107553;Farol;2;1;3;0;0;3;2;1;1;3;3;1;3;1;0;3;2;3
PR;4107603;Faxinal;39;37;17;23;34;23;36;29;22;37;21;42;44;37;29;40;33;33
PR;4107652;Fazenda Rio Grande;923;610;552;630;443;651;517;640;591;848;750;802;777;647;760;786;904;713
PR;4107702;Fênix;10;33;5;2;1;3;5;3;6;9;4;1;9;3;6;4;13;4
PR;4107736;Fernandes Pinheiro;64;25;8;8;5;9;8;12;2;17;11;19;22;18;12;12;19;13
PR;4107751;Figueira;11;16;24;13;9;17;16;25;22;15;19;23;20;42;23;32;22;33
PR;4107801;Floraí;34;16;11;16;16;15;22;15;21;26;23;44;30;33;18;16;26;20
PR;4107850;Flor da Serra do Sul;22;15;13;22;14;14;20;14;21;26;25;40;40;20;28;30;27;26
PR;4107900;Floresta;18;16;14;13;9;13;22;16;13;23;14;21;24;18;26;37;27;25
PR;4108007;Florestópolis;39;29;25;33;39;30;45;31;184;48;93;45;44;33;31;31;32;30
PR;4108106;Flórida;2;3;8;0;3;1;3;6;2;2;3;2;6;5;4;8;6;5
PR;4108205;Formosa do Oeste;29;25;20;23;18;11;15;12;22;18;26;32;23;39;31;56;33;30
PR;4108304;Foz do Iguaçu;3332;3528;2146;1541;2023;1595;1475;1665;1838;2032;2054;2266;2309;2056;1897;1943;1864;2247
PR;4108320;Francisco Alves;5;6;6;6;3;5;11;8;3;9;6;8;5;18;8;9;9;21
PR;4108403;Francisco Beltrão;832;815;645;650;659;734;806;1006;789;970;922;979;1062;1026;987;983;1031;1104
PR;4108452;Foz do Jordão;6;5;5;13;3;6;9;7;14;25;47;15;26;24;14;23;21;12
PR;4108502;General Carneiro;89;130;88;61;48;54;47;55;29;61;64;76;97;67;83;56;86;72
PR;4108551;Godoy Moreira;0;1;1;1;1;0;2;0;1;1;2;2;1;0;1;0;1;3
PR;4108601;Goioerê;131;121;110;79;112;78;96;109;94;100;99;128;117;116;107;122;128;120
PR;4108650;Goioxim;3;5;6;1;3;1;2;6;4;4;7;3;6;12;11;11;10;10
PR;4108700;Grandes Rios;6;6;3;6;3;7;0;7;6;12;5;6;9;10;8;6;7;8
PR;4108809;Guaíra;179;154;183;109;103;106;100;135;119;179;147;147;202;155;145;118;150;134
PR;4108908;Guairaçá;21;68;22;27;14;17;24;32;24;25;22;32;24;46;64;25;43;25
PR;4108957;Guamiranga;15;25;9;6;9;13;10;16;19;17;11;16;13;17;20;30;16;24
PR;4109005;Guapirama;17;6;12;11;12;9;6;11;5;16;11;17;10;14;18;12;16;22
PR;4109104;Guaporema;6;3;0;2;1;2;4;6;3;2;6;1;6;3;4;3;5;5
PR;4109203;Guaraci;10;15;7;11;4;9;14;15;13;14;14;14;26;10;21;13;11;7
PR;4109302;Guaraniaçu;60;82;70;29;57;34;32;70;34;93;51;63;57;56;48;54;39;64
PR;4109401;Guarapuava;1466;1250;1106;1037;971;1131;1338;1282;1210;1274;1420;1524;1548;1426;1550;1477;1589;1651
PR;4109500;Guaraqueçaba;4;2;3;0;0;2;4;3;8;18;8;1;13;3;5;1;2;0
PR;4109609;Guaratuba;419;298;146;88;87;102;119;146;171;180;365;393;254;234;210;165;223;232
PR;4109658;Honório Serpa;20;5;5;1;14;5;9;9;10;8;10;14;14;8;7;19;12;8
PR;4109708;Ibaiti;175;165;132;106;132;132;195;177;153;184;196;214;243;279;255;269;232;244
PR;4109757;Ibema;48;83;13;19;25;35;30;49;36;35;42;43;56;33;43;31;46;32
PR;4109807;Ibiporã;411;369;480;304;335;354;381;536;374;330;372;408;513;564;528;575;472;581
PR;4109906;Icaraíma;17;9;14;26;14;13;8;18;17;11;20;16;16;14;15;15;7;19
PR;4110003;Iguaraçu;66;71;55;24;30;30;44;39;41;23;71;101;121;72;35;42;49;45
PR;4110052;Iguatu;2;2;0;0;1;2;2;0;0;4;4;1;7;4;5;2;3;2
PR;4110078;Imbaú;36;42;35;34;24;22;42;34;29;35;59;69;55;61;80;56;59;70
PR;4110102;Imbituva;263;223;154;135;176;284;308;292;279;244;375;333;334;270;339;322;366;369
PR;4110201;Inácio Martins;39;54;32;34;41;28;36;28;40;31;31;49;49;26;62;37;53;68
PR;4110300;Inajá;1;2;1;2;2;3;2;0;0;3;0;0;0;0;1;1;0;2
PR;4110409;Indianópolis;10;13;15;16;15;15;34;26;30;16;37;27;38;23;42;34;32;20
PR;4110508;Ipiranga;15;18;38;13;11;28;15;17;20;24;20;35;50;35;30;28;56;50
PR;4110607;Iporã;54;47;56;36;41;35;54;28;35;32;49;42;55;64;62;79;85;68
PR;4110656;Iracema do Oeste;5;4;1;2;1;1;2;2;2;2;3;4;8;4;4;2;1;4
PR;4110706;Irati;322;338;624;212;217;253;249;250;258;234;328;308;266;331;269;318;322;344
PR;4110805;Iretama;30;37;32;13;224;24;11;18;22;19;21;14;24;19;20;33;16;29
PR;4110904;Itaguajé;4;6;3;2;5;10;4;4;19;3;15;13;14;16;15;17;8;7
PR;4110953;Itaipulândia;104;104;70;80;78;74;103;87;70;73;81;108;98;96;87;76;90;93
PR;4111001;Itambaracá;5;9;6;6;15;6;19;71;3;1;1;3;5;3;4;4;14;17
PR;4111100;Itambé;23;5;16;18;32;19;34;31;15;10;16;19;26;21;20;16;18;24
PR;4111209;Itapejara d'Oeste;105;66;76;70;64;71;93;93;94;80;109;96;114;118;120;108;119;150
PR;4111258;Itaperuçu;78;61;57;77;40;52;90;55;70;110;105;70;82;95;102;142;108;133
PR;4111308;Itaúna do Sul;7;2;10;9;3;7;8;5;2;6;15;9;13;11;6;9;8;7
PR;4111407;Ivaí;23;9;19;17;19;21;20;22;9;10;13;16;28;47;21;24;25;39
PR;4111506;Ivaiporã;137;185;113;86;84;127;95;111;106;184;142;177;130;127;162;141;144;202
PR;4111555;Ivaté;62;30;35;25;23;14;37;19;29;47;21;33;33;38;35;22;30;53
PR;4111605;Ivatuba;10;3;15;6;12;10;12;7;9;76;11;21;22;16;12;13;18;29
PR;4111704;Jaboti;24;4;7;6;0;8;14;7;5;8;4;7;11;8;7;17;12;9
PR;4111803;Jacarezinho;263;158;186;176;160;205;190;176;226;235;178;231;253;228;218;243;208;249
PR;4111902;Jaguapitã;222;246;238;115;140;212;219;274;231;223;233;229;264;222;295;156;106;117
PR;4112009;Jaguariaíva;241;205;207;211;212;198;201;215;210;311;298;261;328;260;285;323;308;323
PR;4112108;Jandaia do Sul;145;149;106;84;98;100;126;158;283;162;110;140;128;122;121;140;153;156
PR;4112207;Janiópolis;11;9;14;9;6;2;8;10;7;10;7;9;11;12;9;8;11;13
PR;4112306;Japira;10;7;2;1;10;3;9;5;3;6;13;22;17;12;12;16;13;7
PR;4112405;Japurá;76;177;58;44;60;58;71;64;78;98;65;106;68;64;64;53;65;63
PR;4112504;Jardim Alegre;19;16;19;28;23;21;26;29;27;26;40;45;64;27;32;39;44;40
PR;4112603;Jardim Olinda;2;1;2;0;6;4;8;5;6;9;11;6;16;5;13;15;5;1
PR;4112702;Jataizinho;33;20;27;23;23;24;28;28;35;39;25;27;50;35;31;36;46;29
PR;4112751;Jesuítas;39;33;24;9;18;12;14;28;7;29;25;21;33;42;26;28;38;21
PR;4112801;Joaquim Távora;124;113;69;133;97;110;106;84;123;98;94;110;120;123;114;130;113;208
PR;4112900;Jundiaí do Sul;2;1;1;1;3;0;1;0;0;1;0;1;0;0;2;1;1;3
PR;4112959;Juranda;27;27;21;28;15;23;21;26;27;27;32;17;29;17;17;22;25;20
PR;4113007;Jussara;54;153;28;184;42;32;33;48;47;72;42;31;39;41;48;33;39;54
PR;4113106;Kaloré;8;13;2;2;2;2;7;3;1;6;10;8;13;19;8;9;16;10
PR;4113205;Lapa;254;240;199;167;148;191;217;292;272;302;295;257;322;221;250;236;218;341
PR;4113254;Laranjal;4;5;1;2;3;2;2;8;10;3;2;10;15;9;2;7;3;10
PR;4113304;Laranjeiras do Sul;235;208;127;138;173;193;152;199;192;224;197;179;215;211;192;164;202;207
PR;4113403;Leópolis;1;9;5;0;8;2;7;7;3;9;1;4;1;6;6;2;1;2
PR;4113429;Lidianópolis;8;2;2;1;5;4;4;5;5;9;3;7;7;12;6;11;10;8
PR;4113452;Lindoeste;26;33;11;28;29;18;13;23;22;28;23;27;46;19;22;22;25;23
PR;4113502;Loanda;151;126;110;86;125;120;127;139;106;107;129;128;158;124;107;130;135;168
PR;4113601;Lobato;12;46;3;5;5;6;12;10;10;11;7;7;13;13;11;8;23;17
PR;4113700;Londrina;6568;5807;4175;3926;3691;4388;4864;5097;4637;5087;5261;5883;6322;5489;6782;5345;5945;6257
PR;4113734;Luiziana;10;22;15;10;11;11;10;19;14;19;8;17;4;12;16;21;9;14
PR;4113759;Lunardelli;3;4;3;6;1;3;0;2;2;3;1;1;5;3;1;1;1;4
PR;4113809;Lupionópolis;22;11;8;7;16;6;11;20;6;12;9;17;32;15;4;8;8;9
PR;4113908;Mallet;50;59;61;32;57;55;48;56;48;69;61;63;99;73;64;61;82;75
PR;4114005;Mamborê;41;23;22;30;28;32;26;28;19;25;28;26;41;24;18;32;39;35
PR;4114104;Mandaguaçu;162;111;130;90;113;106;125;132;116;149;121;132;140;151;154;179;113;148
PR;4114203;Mandaguari;290;301;244;240;279;299;245;244;290;322;308;303;324;293;291;286;403;350
PR;4114302;Mandirituba;145;126;106;101;90;113;111;121;126;170;139;160;162;139;153;137;130;223
PR;4114351;Manfrinópolis;11;10;11;7;5;12;3;15;13;20;22;22;39;16;5;8;18;19
PR;4114401;Mangueirinha;71;88;49;42;31;61;51;54;57;89;48;86;107;91;67;61;80;67
PR;4114500;Manoel Ribas;23;41;20;26;15;15;23;24;20;28;39;29;53;31;40;27;25;61
PR;4114609;Marechal Cândido Rondon;551;540;472;415;455;527;657;622;654;664;570;693;722;684;662;623;708;695
PR;4114708;Maria Helena;19;9;6;9;3;7;5;4;3;5;6;7;3;14;6;9;20;15
PR;4114807;Marialva;220;187;194;179;167;204;220;215;201;218;275;309;247;237;280;235;279;284
PR;4114906;Marilândia do Sul;12;10;21;10;17;2;15;16;7;9;12;15;13;13;10;16;22;32
PR;4115002;Marilena;33;73;42;64;32;26;28;41;27;38;34;33;49;35;34;38;34;37
PR;4115101;Mariluz;7;11;18;7;13;10;5;13;4;15;24;9;18;18;7;16;12;17
PR;4115200;Maringá;7008;5664;4650;4436;4238;4698;4805;5276;4608;5355;5563;5971;6432;5401;5397;5737;6295;6545
PR;4115309;Mariópolis;31;23;12;18;26;16;20;41;44;24;41;29;50;41;47;42;35;47
PR;4115358;Maripá;32;35;18;19;23;24;31;31;34;21;32;45;42;32;37;32;33;27
PR;4115408;Marmeleiro;87;114;64;59;66;68;87;70;100;125;92;100;121;97;113;106;120;126
PR;4115457;Marquinho;3;3;4;4;0;2;3;4;3;5;6;7;1;5;3;10;3;4
PR;4115507;Marumbi;16;11;15;12;20;8;18;26;50;9;13;19;26;15;30;26;29;45
PR;4115606;Matelândia;351;305;398;362;517;437;441;430;333;415;416;434;455;370;381;447;447;375
PR;4115705;Matinhos;409;223;148;90;122;104;139;153;194;202;291;347;280;175;199;145;198;214
PR;4115739;Mato Rico;2;1;0;1;1;1;0;2;1;0;3;3;2;0;0;0;1;3
PR;4115754;Mauá da Serra;47;26;40;12;20;28;25;43;33;37;39;41;45;28;37;32;45;35
PR;4115804;Medianeira;555;511;509;471;494;552;632;583;596;575;605;636;676;610;593;676;743;769
PR;4115853;Mercedes;32;22;13;30;30;23;28;31;23;21;40;26;44;27;32;17;26;26
PR;4115903;Mirador;4;2;7;7;3;6;5;11;6;4;6;10;8;7;6;8;14;11
PR;4116000;Miraselva;0;3;0;1;0;1;0;0;0;0;1;1;2;0;0;7;0;1
PR;4116059;Missal;44;57;41;26;34;43;52;54;53;45;65;57;55;41;43;31;46;60
PR;4116109;Moreira Sales;24;14;18;8;12;15;12;12;14;18;18;20;20;8;18;11;20;18
PR;4116208;Morretes;49;44;24;49;30;32;47;36;40;33;33;53;68;58;50;52;69;60
PR;4116307;Munhoz de Melo;39;18;10;5;4;11;15;10;4;16;3;13;8;11;21;3;6;6
PR;4116406;Nossa Senhora das Graças;3;4;2;2;3;0;2;0;2;1;1;6;2;0;0;3;3;1
PR;4116505;Nova Aliança do Ivaí;2;2;4;2;0;1;0;1;3;4;6;4;1;7;10;1;1;2
PR;4116604;Nova América da Colina;3;2;6;10;4;5;5;4;5;6;25;2;3;7;8;6;21;6
PR;4116703;Nova Aurora;120;93;94;68;65;96;87;90;89;101;69;97;124;87;119;110;161;182
PR;4116802;Nova Cantu;13;10;6;4;4;5;9;10;2;4;8;8;7;11;7;6;7;6
PR;4116901;Nova Esperança;130;109;99;100;103;74;109;123;88;162;116;110;123;160;131;129;125;103
PR;4116950;Nova Esperança do Sudoeste;28;23;17;15;26;18;13;24;16;32;19;46;32;14;19;23;30;21
PR;4117008;Nova Fátima;10;31;21;7;9;12;7;9;10;15;18;12;19;16;7;16;15;20
PR;4117057;Nova Laranjeiras;16;10;1;9;8;8;13;7;11;11;11;13;14;14;19;22;13;21
PR;4117107;Nova Londrina;75;112;57;211;67;77;95;80;78;128;101;101;93;88;87;97;80;113
PR;4117206;Nova Olímpia;25;33;20;9;7;12;14;10;13;24;15;12;16;22;10;8;16;33
PR;4117214;Nova Santa Bárbara;2;2;2;0;8;0;3;1;1;4;1;2;2;1;10;3;11;3
PR;4117222;Nova Santa Rosa;42;43;35;32;32;38;40;50;59;45;49;78;67;42;75;61;66;60
PR;4117255;Nova Prata do Iguaçu;40;42;37;22;34;35;34;42;47;30;36;35;54;49;46;37;43;54
PR;4117271;Nova Tebas;6;5;4;3;3;6;6;3;3;3;1;4;8;6;4;4;6;11
PR;4117297;Novo Itacolomi;2;7;37;4;9;8;6;10;5;5;4;7;7;7;6;13;10;10
PR;4117305;Ortigueira;328;156;197;287;254;317;381;395;376;847;486;398;585;272;624;593;682;1079
PR;4117404;Ourizona;4;0;5;4;6;5;8;4;3;5;3;2;9;3;9;2;5;4
PR;4117453;Ouro Verde do Oeste;16;6;10;30;10;14;15;0;5;14;8;17;17;35;9;14;18;22
PR;4117503;Paiçandu;331;177;208;182;113;124;176;196;192;169;240;183;175;173;218;209;240;220
PR;4117602;Palmas;376;295;238;242;274;353;355;361;330;338;405;424;476;427;420;413;405;494
PR;4117701;Palmeira;216;258;148;148;194;161;163;190;178;228;290;242;250;248;245;234;257;307
PR;4117800;Palmital;26;17;18;21;11;18;32;19;26;13;37;40;30;33;27;22;22;31
PR;4117909;Palotina;465;365;394;358;379;432;532;504;464;440;554;498;607;445;614;498;564;641
PR;4118006;Paraíso do Norte;117;115;101;118;89;290;144;91;187;89;94;124;130;85;109;142;103;421
PR;4118105;Paranacity;71;34;28;41;60;48;27;35;53;46;19;24;43;50;34;32;33;50
PR;4118204;Paranaguá;1109;950;735;822;780;811;867;878;864;878;846;956;1052;866;982;937;991;1091
PR;4118303;Paranapoema;8;0;11;2;4;4;2;8;3;1;7;8;12;11;3;4;7;5
PR;4118402;Paranavaí;688;825;523;572;493;505;548;562;495;640;625;760;680;617;559;706;678;755
PR;4118451;Pato Bragado;46;77;22;35;30;28;40;74;28;48;33;40;36;37;56;59;51;60
PR;4118501;Pato Branco;1297;1415;956;793;955;953;1071;1134;1419;1276;1261;1390;1443;1287;1277;1490;1611;1642
PR;4118600;Paula Freitas;29;27;9;13;14;28;16;22;29;23;27;26;26;38;16;36;26;24
PR;4118709;Paulo Frontin;7;39;18;11;7;5;8;12;10;12;14;13;13;25;22;14;12;20
PR;4118808;Peabiru;32;14;13;7;19;25;29;20;21;35;26;42;29;37;24;35;44;37
PR;4118857;Perobal;21;15;6;12;16;10;12;20;16;17;8;19;21;14;19;24;13;26
PR;4118907;Pérola;63;193;22;20;28;47;64;45;77;57;51;71;63;67;57;50;37;50
PR;4119004;Pérola d'Oeste;30;28;13;15;12;11;9;20;18;17;27;16;15;18;14;16;26;15
PR;4119103;Piên;74;402;42;43;106;115;149;129;114;108;141;153;235;184;80;75;78;107
PR;4119152;Pinhais;1757;1806;1353;1051;1200;1278;1338;1293;1195;1424;1325;1595;1659;1405;1594;1522;1668;1631
PR;4119202;Pinhalão;12;15;9;4;7;16;12;17;10;16;16;14;26;58;22;15;13;12
PR;4119251;Pinhal de São Bento;27;14;5;0;1;4;2;0;6;45;2;4;7;6;2;3;13;22
PR;4119301;Pinhão;83;69;45;69;46;63;71;72;80;71;114;81;72;83;83;81;100;238
PR;4119400;Piraí do Sul;138;137;240;190;127;184;97;96;124;164;226;179;201;220;120;102;158;119
PR;4119509;Piraquara;285;217;174;140;133;195;224;214;226;268;219;238;223;224;258;265;277;283
PR;4119608;Pitanga;141;140;95;79;79;97;120;107;112;136;124;127;157;152;127;123;153;152
PR;4119657;Pitangueiras;7;30;3;4;2;2;3;2;3;6;9;1;7;9;6;1;7;11
PR;4119707;Planaltina do Paraná;12;12;7;7;5;18;8;7;5;8;9;15;16;12;20;7;14;25
PR;4119806;Planalto;55;35;50;35;48;37;42;50;49;53;56;50;65;74;56;59;62;63
PR;4119905;Ponta Grossa;2828;2709;2245;2030;2123;2343;2888;2848;2995;3244;3048;3474;3741;3112;3782;3522;3599;3772
PR;4119954;Pontal do Paraná;157;140;86;78;85;90;121;125;112;160;201;209;174;140;123;115;136;123
PR;4120002;Porecatu;26;44;18;18;23;21;16;18;23;30;42;43;40;28;35;33;47;40
PR;4120101;Porto Amazonas;22;31;10;15;9;17;14;10;13;9;13;32;15;12;19;30;27;21
PR;4120150;Porto Barreiro;0;4;1;1;5;1;1;2;4;0;1;0;6;6;0;3;2;2
PR;4120200;Porto Rico;12;28;7;9;7;13;14;15;19;15;13;18;15;22;8;16;12;11
PR;4120309;Porto Vitória;9;13;9;6;7;11;7;7;9;5;11;7;8;7;5;7;23;11
PR;4120333;Prado Ferreira;21;35;30;16;16;22;17;35;14;47;36;36;41;33;28;22;23;35
PR;4120358;Pranchita;21;41;10;21;21;20;31;29;21;20;25;18;41;27;33;34;26;36
PR;4120408;Presidente Castelo Branco;16;8;16;7;11;4;12;16;14;34;12;10;6;11;10;14;16;10
PR;4120507;Primeiro de Maio;20;13;14;4;12;14;7;11;20;21;19;19;16;10;14;21;17;30
PR;4120606;Prudentópolis;192;172;140;160;119;119;157;138;142;131;190;184;186;188;195;215;222;272
PR;4120655;Quarto Centenário;6;10;11;7;11;10;13;9;10;18;8;6;7;11;7;22;8;21
PR;4120705;Quatiguá;35;65;23;13;44;28;28;37;33;38;40;34;55;27;35;39;43;41
PR;4120804;Quatro Barras;387;350;459;149;130;268;290;375;335;459;598;570;768;723;735;569;515;480
PR;4120853;Quatro Pontes;21;28;18;20;11;13;26;28;23;21;21;21;23;29;22;20;28;27
PR;4120903;Quedas do Iguaçu;167;188;100;90;104;135;135;149;131;189;139;141;152;137;123;130;168;173
PR;4121000;Querência do Norte;27;26;11;8;12;28;12;19;16;17;16;27;39;26;25;23;28;27
PR;4121109;Quinta do Sol;5;0;3;5;3;9;3;7;2;7;4;5;9;7;8;1;13;9
PR;4121208;Quitandinha;13;49;33;12;13;33;26;22;31;19;36;25;38;32;41;47;37;36
PR;4121257;Ramilândia;2;3;2;4;3;5;5;4;2;5;6;5;6;4;6;0;2;4
PR;4121307;Rancho Alegre;1;0;2;2;1;5;1;0;2;3;2;5;1;2;4;3;6;2
PR;4121356;Rancho Alegre D'Oeste;2;2;2;1;3;1;6;7;5;5;2;2;3;8;5;10;1;2
PR;4121406;Realeza;147;152;94;85;101;93;106;119;102;127;115;149;165;149;143;153;140;177
PR;4121505;Rebouças;37;50;38;49;25;27;19;35;26;31;52;42;53;59;70;48;48;60
PR;4121604;Renascença;44;67;21;22;39;40;43;43;39;35;39;42;41;44;49;40;53;46
PR;4121703;Reserva;83;146;60;56;82;69;57;58;51;77;100;82;92;110;94;104;98;103
PR;4121752;Reserva do Iguaçu;26;14;38;15;11;7;15;12;9;10;8;18;13;13;14;13;16;20
PR;4121802;Ribeirão Claro;88;30;38;23;17;35;32;30;33;23;55;44;44;31;28;36;111;63
PR;4121901;Ribeirão do Pinhal;39;33;20;15;11;16;36;10;11;12;22;20;12;34;29;20;17;23
PR;4122008;Rio Azul;37;29;70;53;60;40;39;31;43;43;65;45;57;63;80;76;60;61
PR;4122107;Rio Bom;14;17;11;13;15;9;18;14;16;5;18;18;17;16;31;19;23;23
PR;4122156;Rio Bonito do Iguaçu;26;24;11;16;10;18;23;26;27;17;30;17;36;31;14;24;24;25
PR;4122172;Rio Branco do Ivaí;4;4;4;5;5;1;3;3;4;2;3;2;1;0;4;4;9;4
PR;4122206;Rio Branco do Sul;113;84;142;94;89;73;75;88;119;116;134;132;107;118;134;113;133;126
PR;4122305;Rio Negro;285;255;216;248;436;448;863;210;187;253;251;284;309;260;245;303;937;369
PR;4122404;Rolândia;658;528;523;505;490;595;670;791;666;677;598;766;692;696;899;784;862;972
PR;4122503;Roncador;39;14;13;6;17;24;15;26;15;29;32;24;23;21;21;26;17;22
PR;4122602;Rondon;113;243;28;34;49;72;81;69;73;74;180;142;156;123;108;46;52;53
PR;4122651;Rosário do Ivaí;15;6;4;2;4;3;3;7;4;6;21;13;9;7;5;9;6;19
PR;4122701;Sabáudia;128;300;115;94;112;119;138;163;120;148;135;171;158;159;161;178;136;171
PR;4122800;Salgado Filho;22;50;24;10;23;17;16;13;14;22;26;25;42;31;27;28;20;30
PR;4122909;Salto do Itararé;11;41;19;20;31;9;10;5;22;7;14;15;7;13;12;9;10;9
PR;4123006;Salto do Lontra;136;91;57;83;79;134;103;97;96;134;82;104;107;80;56;104;102;113
PR;4123105;Santa Amélia;10;3;4;0;5;1;4;5;1;26;5;7;10;14;1;3;3;7
PR;4123204;Santa Cecília do Pavão;0;1;3;2;1;1;0;8;3;3;1;14;2;7;5;6;4;4
PR;4123303;Santa Cruz de Monte Castelo;19;15;19;14;21;17;24;20;13;22;24;11;28;13;23;22;16;26
PR;4123402;Santa Fé;68;47;59;61;40;57;33;46;37;40;44;45;53;58;44;26;82;66
PR;4123501;Santa Helena;172;135;111;91;114;92;136;136;119;124;181;161;174;167;179;164;172;206
PR;4123600;Santa Inês;1;0;0;2;0;1;0;0;1;0;0;0;1;6;1;0;1;1
PR;4123709;Santa Isabel do Ivaí;30;22;34;18;12;29;19;25;18;21;21;29;26;21;23;18;25;21
PR;4123808;Santa Izabel do Oeste;65;60;45;43;46;86;75;62;47;114;67;71;79;84;86;60;74;81
PR;4123824;Santa Lúcia;27;18;10;7;14;21;20;15;21;15;20;22;18;29;18;15;16;24
PR;4123857;Santa Maria do Oeste;26;9;9;7;11;9;7;17;15;17;8;5;24;10;13;17;9;17
PR;4123907;Santa Mariana;34;20;7;10;16;13;33;27;23;23;26;22;39;37;35;10;18;33
PR;4123956;Santa Mônica;7;7;3;5;0;4;9;13;9;6;7;8;8;7;5;3;9;7
PR;4124004;Santana do Itararé;32;12;7;4;3;7;1;5;5;7;8;7;8;3;3;3;9;8
PR;4124020;Santa Tereza do Oeste;90;94;71;60;64;68;82;100;63;94;83;99;93;74;70;84;90;86
PR;4124053;Santa Terezinha de Itaipu;92;96;68;60;71;63;73;85;86;96;73;103;105;77;92;86;108;92
PR;4124103;Santo Antônio da Platina;291;303;314;155;159;161;182;180;178;193;242;281;229;193;195;180;211;262
PR;4124202;Santo Antônio do Caiuá;7;1;2;4;1;2;2;3;2;4;4;4;4;1;1;2;4;1
PR;4124301;Santo Antônio do Paraíso;0;3;4;3;4;3;5;0;0;1;5;1;0;4;5;4;3;4
PR;4124400;Santo Antônio do Sudoeste;176;186;91;96;90;96;93;119;93;137;110;129;143;130;106;116;138;143
PR;4124509;Santo Inácio;47;47;44;92;37;57;56;67;288;67;103;72;93;132;103;89;76;139
PR;4124608;São Carlos do Ivaí;35;44;34;35;46;53;33;42;165;69;35;41;49;45;81;41;57;39
PR;4124707;São Jerônimo da Serra;4;7;3;6;8;3;4;9;4;11;8;9;11;6;8;7;8;6
PR;4124806;São João;98;124;122;92;70;73;79;82;107;86;91;95;126;96;81;110;98;89
PR;4124905;São João do Caiuá;9;8;8;12;4;10;12;9;13;11;5;14;16;42;2;15;19;17
PR;4125001;São João do Ivaí;16;15;12;13;17;13;9;13;10;17;20;14;24;14;21;28;15;19
PR;4125100;São João do Triunfo;29;48;17;9;19;6;32;23;26;12;8;23;9;18;23;33;19;15
PR;4125209;São Jorge d'Oeste;91;71;70;62;52;59;78;76;66;59;95;73;88;96;80;61;93;94
PR;4125308;São Jorge do Ivaí;34;13;12;13;19;22;27;12;16;15;23;20;32;13;7;16;19;27
PR;4125357;São Jorge do Patrocínio;36;14;9;13;9;15;9;11;6;7;10;18;25;19;10;10;16;14
PR;4125407;São José da Boa Vista;11;7;2;8;9;10;15;16;15;31;23;32;5;4;5;5;6;14
PR;4125456;São José das Palmeiras;4;7;8;10;4;4;5;6;3;6;7;9;4;7;8;10;13;6
PR;4125506;São José dos Pinhais;3348;4067;3084;2005;3005;2590;2762;3270;2862;3500;3050;3245;3517;3051;3424;3063;3444;3576
PR;4125555;São Manoel do Paraná;6;5;10;3;1;6;7;7;2;16;10;12;7;3;10;4;13;9
PR;4125605;São Mateus do Sul;378;268;312;205;206;232;257;285;844;788;314;334;278;293;323;300;381;292
PR;4125704;São Miguel do Iguaçu;176;171;132;108;132;140;198;175;179;218;180;188;228;211;254;250;241;244
PR;4125753;São Pedro do Iguaçu;6;14;8;1;6;8;6;10;10;9;6;9;19;9;8;5;6;9
PR;4125803;São Pedro do Ivaí;37;35;34;33;35;14;32;43;147;51;38;31;28;40;46;48;55;41
PR;4125902;São Pedro do Paraná;11;19;6;9;5;2;4;7;8;3;6;6;18;4;9;8;17;9
PR;4126009;São Sebastião da Amoreira;80;8;6;4;4;3;9;5;9;11;12;8;8;7;15;6;15;14
PR;4126108;São Tomé;75;25;19;16;18;22;39;27;24;16;17;17;27;22;18;20;16;32
PR;4126207;Sapopema;22;15;22;17;11;17;10;11;13;28;15;16;23;17;27;35;21;37
PR;4126256;Sarandi;455;458;297;250;291;315;417;416;362;379;428;458;510;464;433;484;512;642
PR;4126272;Saudade do Iguaçu;43;35;19;23;23;22;25;29;29;54;25;24;36;49;23;28;37;47
PR;4126306;Sengés;82;88;82;69;90;67;76;90;101;99;127;90;100;102;182;160;144;116
PR;4126355;Serranópolis do Iguaçu;11;10;6;8;13;12;5;7;10;9;20;18;19;19;18;15;19;13
PR;4126405;Sertaneja;9;22;16;9;18;11;26;16;11;23;15;15;20;17;17;20;17;21
PR;4126504;Sertanópolis;76;57;49;38;55;28;43;57;49;43;54;45;75;95;69;72;71;72
PR;4126603;Siqueira Campos;231;196;128;145;129;168;189;165;184;204;243;218;218;206;175;178;215;184
PR;4126652;Sulina;18;1;6;7;7;4;7;7;6;5;8;14;12;6;10;0;8;9
PR;4126678;Tamarana;26;20;25;24;11;16;15;26;21;23;24;32;42;23;19;23;25;31
PR;4126702;Tamboara;19;13;11;8;5;14;12;10;40;15;7;15;11;10;9;10;17;10
PR;4126801;Tapejara;287;117;109;80;72;64;66;86;78;103;100;121;174;187;81;89;91;104
PR;4126900;Tapira;25;25;10;14;10;9;6;7;13;9;28;8;6;9;8;7;14;9
PR;4127007;Teixeira Soares;27;21;9;15;24;26;23;25;34;29;34;40;48;29;34;43;45;43
PR;4127106;Telêmaco Borba;631;482;514;616;517;523;575;695;541;666;607;783;887;577;678;625;663;682
PR;4127205;Terra Boa;175;203;58;59;49;52;72;71;63;94;70;117;94;73;128;87;106;90
PR;4127304;Terra Rica;38;54;22;28;22;28;29;30;47;33;27;35;58;39;38;42;46;63
PR;4127403;Terra Roxa;59;119;125;57;60;32;46;54;60;81;64;73;103;89;76;94;105;93
PR;4127502;Tibagi;81;44;34;29;40;39;41;50;46;93;56;63;64;65;58;66;110;94
PR;4127601;Tijucas do Sul;36;56;35;44;48;38;60;57;46;38;38;43;50;36;43;53;55;73
PR;4127700;Toledo;1831;1522;1193;1513;1415;1498;1551;1704;1718;1871;1694;2054;2013;1846;1918;2117;2207;2276
PR;4127809;Tomazina;26;28;12;9;14;13;15;10;1;13;16;22;23;16;19;15;20;17
PR;4127858;Três Barras do Paraná;45;42;14;24;24;31;43;42;47;54;55;52;48;46;45;39;60;59
PR;4127882;Tunas do Paraná;18;29;44;23;23;15;29;25;18;23;37;41;22;28;20;27;37;50
PR;4127908;Tuneiras do Oeste;9;2;1;11;7;10;16;13;23;19;3;11;9;14;14;23;23;15
PR;4127957;Tupãssi;21;19;13;8;1;11;7;13;7;27;18;24;17;15;10;24;15;17
PR;4127965;Turvo;59;58;36;63;47;49;57;56;67;50;55;73;85;54;69;63;110;70
PR;4128005;Ubiratã;346;234;207;240;221;273;296;335;294;331;405;342;421;346;350;385;372;323
PR;4128104;Umuarama;1141;849;682;686;710;829;834;969;815;933;828;992;1005;927;1022;1169;1088;1172
PR;4128203;União da Vitória;439;396;281;264;277;318;348;384;429;420;455;464;467;422;444;521;487;517
PR;4128302;Uniflor;10;12;3;11;2;6;14;7;6;10;3;3;3;1;5;5;4;7
PR;4128401;Uraí;24;32;13;13;17;14;9;31;26;41;19;25;35;8;33;27;26;19
PR;4128500;Wenceslau Braz;172;104;65;43;89;68;50;65;78;61;79;81;124;136;90;105;96;111
PR;4128534;Ventania;28;44;21;11;16;26;25;27;20;25;37;48;34;28;43;49;33;28
PR;4128559;Vera Cruz do Oeste;31;19;11;5;22;19;14;19;16;15;24;19;31;34;24;23;21;24
PR;4128609;Verê;25;25;18;21;23;24;20;43;32;33;18;36;47;46;27;37;27;46
PR;4128625;Vila Alta;8;4;6;2;6;1;5;6;6;2;6;9;6;6;12;7;9;7
PR;4128633;Doutor Ulysses;0;0;0;0;1;0;0;1;0;0;1;2;0;0;0;1;2;0
PR;4128658;Virmond;15;12;3;9;5;5;9;15;13;5;8;6;18;22;8;14;9;6
PR;4128708;Vitorino;61;59;58;45;67;65;73;79;72;83;50;55;81;62;56;65;63;85
PR;4128807;Xambrê;5;7;3;3;5;5;9;4;0;3;5;5;7;5;3;7;6;4
PR;4199919;Assunguy de Cima;;;;;;;;;;;;;;;;;;
PR;4199929;Conchas;;;;;;;;;;;;;;;;;;
PR;4199939;Palmira;;;;;;;;;;;;;;;;;;
PR;4199949;Porto de Cima;;;;;;;;;;;;;;;;;;
